Akcija,Skupina,Spojiti u (slug),Naslov,Slug,Klikovi 3mj,Pojavljivanja 3mj,Objavljeno,"Netočna tvrdnja ""Tested"""
ZADRŽATI (cilj spajanja),Bedtime routine,,Dog Bedtime Routine: Create a Calming Evening Schedule,dog-bedtime-routine-help-sleep,0,7,2026-08-06,
ZADRŽATI (cilj spajanja),Calming/anxiety beds,,Best Calming Dog Beds for Anxious Dogs,best-calming-dog-beds-anxious-dogs,0,0,2026-09-23,
ZADRŽATI (cilj spajanja),Dog whining,,Dog Whining Excessively: Causes and Solutions,dog-whining-excessively-causes-solutions,0,133,2026-08-08,
ZADRŽATI (cilj spajanja),Elevated feeders,,Best Elevated Feeding Station for Dogs: Top Picks,best-elevated-feeding-station-dogs,0,0,2026-08-26,
ZADRŽATI (cilj spajanja),How much sleep,,How Much Sleep Do Dogs Need? Complete Guide by Age,how-much-sleep-do-dogs-need,0,13,2026-08-03,
ZADRŽATI (cilj spajanja),Leash pulling,,Leash Training 101: Stop Your Dog From Pulling on Walks,leash-training-stop-dog-pulling,0,389,2026-07-15,
ZADRŽATI (cilj spajanja),New puppy first days,,First Day With Puppy: Complete Guide to Your New Dog’s Arrival,first-day-with-puppy-guide,0,0,2026-09-02,
ZADRŽATI (cilj spajanja),Puppy biting,,Why Does My Puppy Bite So Much? Normal or Not?,why-puppy-biting-normal,0,92,2026-07-29,
ZADRŽATI (cilj spajanja),Puppy socialization,,Puppy Socialization After 16 Weeks: Extended Training,puppy-socialization-after-16-weeks,0,0,2026-10-04,
ZADRŽATI (cilj spajanja),Wait at door,,How to Teach Your Dog the Wait Command at Doors,teach-dog-wait-command-doors,0,1,2026-09-25,
ZADRŽATI (cilj spajanja),Washable/waterproof beds,,Best Washable Dog Beds: Durable & Easy to Clean,best-washable-dog-beds-easy-clean,0,104,2026-08-16,
SPOJITI → 301,Bedtime routine,dog-bedtime-routine-help-sleep,How to Establish a Consistent Dog Bedtime Routine,how-establish-consistent-dog-bedtime-routine,0,0,2026-09-03,
SPOJITI → 301,Calming/anxiety beds,best-calming-dog-beds-anxious-dogs,Best Anxiety Dog Beds: Top Picks for Anxious Dogs,best-anxiety-dog-beds-anxious-dogs,0,0,2026-08-14,
SPOJITI → 301,Dog whining,dog-whining-excessively-causes-solutions,Adult Dog Whining: Medical & Behavioral Causes Explained,adult-dog-whining-causes-beyond-attention,0,0,2026-08-21,
SPOJITI → 301,Elevated feeders,best-elevated-feeding-station-dogs,Best Elevated Dog Feeders: Do They Help With Digestion?,best-elevated-dog-feeders-digestion,0,0,2026-08-11,
SPOJITI → 301,How much sleep,how-much-sleep-do-dogs-need,Why Sleep Matters: How Much Rest Dogs Actually Need,why-sleep-matters-dog-sleep-needs,0,0,2026-07-27,
SPOJITI → 301,Leash pulling,leash-training-stop-dog-pulling,Loose Leash Walking for Dogs: Train Without Pulling,loose-leash-walking-dogs-guide,1,2,2026-08-09,
SPOJITI → 301,Leash pulling,leash-training-stop-dog-pulling,Leash Manners Dogs: Train Polite Walking in Public,leash-manners-dogs-train-polite-walking,0,0,2026-09-28,
SPOJITI → 301,Leash pulling,leash-training-stop-dog-pulling,Advanced Leash Training: Stop Your Dog From Pulling,advanced-leash-training-stop-pulling,0,0,2026-08-17,
SPOJITI → 301,New puppy first days,first-day-with-puppy-guide,New Puppy First Weeks: Complete Guide to What to Expect,new-puppy-first-weeks-guide,0,0,2026-07-28,
SPOJITI → 301,Puppy biting,why-puppy-biting-normal,Puppy Biting Behavior: Play vs. Aggression Explained,puppy-biting-behavior-play-vs-aggression,0,20,2026-08-15,
SPOJITI → 301,Puppy biting,why-puppy-biting-normal,Puppy Biting During Training: When to Stop Practice,puppy-biting-during-training-stop,0,0,2026-09-14,
SPOJITI → 301,Puppy biting,why-puppy-biting-normal,Puppy Play Biting vs. Aggression: How to Tell the Difference,puppy-play-biting-vs-aggression,0,0,2026-08-28,
SPOJITI → 301,Puppy socialization,puppy-socialization-after-16-weeks,Puppy Socialization Window: Why Early Exposure Matters,puppy-socialization-window-guide,0,0,2026-07-28,
SPOJITI → 301,Wait at door,teach-dog-wait-command-doors,How to Teach Your Dog to Wait at Door: Complete Guide,teach-dog-wait-at-door,0,0,2026-09-01,
SPOJITI → 301,Washable/waterproof beds,best-washable-dog-beds-easy-clean,Best Waterproof Dog Beds for Messy & Incontinent Dogs,best-waterproof-dog-beds-messy-incontinent,0,58,2026-08-09,
ZADRŽATI,,,Best Dog Harness for Pulling: Complete Buyer’s Guide,best-dog-harness-pulling-guide,0,625,2026-07-16,
ZADRŽATI,,,Best Toys Jack Russell Terrier: Top Picks for High-Energy Dogs,best-toys-jack-russell-terrier,4,380,2026-07-24,
ZADRŽATI,,,Potty Training a Puppy: Timeline & Schedule,potty-training-puppy-timeline-schedule,0,195,2026-07-16,
ZADRŽATI,,,Why Jack Russell Terriers Bark So Much & How to Stop It,jack-russell-terrier-barking-guide,1,103,2026-07-31,
ZADRŽATI,,,Why Does My Dog Eat Dirt? Causes & Solutions,why-does-my-dog-eat-dirt,0,98,2026-08-13,
ZADRŽATI,,,Jack Russell Terrier Training: Taming the High-Energy Genius,jack-russell-terrier-training-guide,0,50,2026-07-30,
ZADRŽATI,,,Why Does My Dog Follow Me Everywhere? Normal or Anxious?,why-dog-follows-me-everywhere,0,48,2026-08-05,
ZADRŽATI,,,Why Does My Dog Sleep at My Feet? Meaning Explained,why-does-my-dog-sleep-at-my-feet,0,35,2026-08-02,
ZADRŽATI,,,Best Puzzle Feeder for Dogs: Top Picks for Slow Eating,best-puzzle-feeder-dogs-slow-eating,0,29,2026-08-07,
ZADRŽATI,,,Why Won’t My Dog Listen to Me? Fix Obedience Issues,dog-not-listening-obedience-troubleshooting,0,26,2026-07-26,
ZADRŽATI,,,Dog Bell Training: Teach Your Dog to Ring a Bell,dog-bell-training-teach-ring-bell,0,22,2026-08-22,
ZADRŽATI,,,Why Does My Puppy Cry in the Crate at Night?,puppy-crying-crate-at-night,1,18,2026-08-10,
ZADRŽATI,,,How to Stop a Jack Russell Terrier From Digging and Escaping,jack-russell-terrier-digging-escaping-guide,0,18,2026-07-31,
ZADRŽATI,,,Dog Recall Training: Come When Called Every Time,dog-recall-training-come-when-called,0,17,2026-07-15,
ZADRŽATI,,,Why Does My Dog Dig Holes in the Yard? Complete Guide,why-dog-digging-holes-yard,0,14,2026-07-25,
ZADRŽATI,,,Jack Russell Terrier Prey Drive: Managing the Hunter Instinct,jack-russell-terrier-prey-drive-managing,0,12,2026-08-01,
ZADRŽATI,,,How to Introduce Puppy to Adult Dog Safely,introduce-puppy-to-adult-dog-safely,0,11,2026-08-08,
ZADRŽATI,,,Best Automatic Ball Launchers for Dogs: Complete Guide,best-automatic-ball-launchers-dogs,0,9,2026-08-04,
ZADRŽATI,,,Why Is My Dog Sleeping So Much? Normal vs. Warning Signs,why-dog-sleeping-so-much,0,6,2026-08-03,
ZADRŽATI,,,How to Stop Dog Counter Surfing: 7 Proven Strategies,how-to-stop-dog-counter-surfing,0,3,2026-08-04,
ZADRŽATI,,,Best Durable Dog Chew Toys for Aggressive Chewers,best-durable-dog-chew-toys-aggressive-chewers,0,2,2026-07-21,
ZADRŽATI,,,Dog Grooming Routine: A Complete Guide to Success,dog-grooming-routine-complete-guide,0,1,2026-08-24,
ZADRŽATI,,,How to Puppy-Proof Your Home Room by Room,puppy-proofing-house-room-by-room,0,1,2026-07-30,
ZADRŽATI,,,How to Stop Dog Chewing Furniture: 7 Proven Solutions,how-to-stop-dog-chewing-furniture,0,1,2026-07-25,
"ZADRŽATI (nov, provjeriti za 2 mj.)",,,Best Dog Leashes for Reactive Dogs: Stop Lunging,best-leash-for-reactive-dogs,0,0,2026-09-19,
"ZADRŽATI (nov, provjeriti za 2 mj.)",,,Best Calming Treats for Dogs: Anxiety Relief Options Tested,best-calming-treats-dogs-anxiety,0,0,2026-10-08,DA
"ZADRŽATI (nov, provjeriti za 2 mj.)",,,How to Stop Your Dog From Stealing Clothes,how-to-stop-dog-stealing-clothes,0,0,2026-10-07,
"ZADRŽATI (nov, provjeriti za 2 mj.)",,,Why Does My Dog Arch His Back? Causes and Solutions,why-does-dog-arch-back,0,0,2026-10-06,
"ZADRŽATI (nov, provjeriti za 2 mj.)",,,How to Stop Your Dog From Mounting Other Dogs,how-to-stop-dog-mounting-other-dogs,0,0,2026-10-05,
"ZADRŽATI (nov, provjeriti za 2 mj.)",,,Dog Needy Behavior: Guide to Building Independence,dog-needy-behavior-building-independence,0,0,2026-10-03,
"ZADRŽATI (nov, provjeriti za 2 mj.)",,,Best Treat Pouch for Dog Training: Hands-Free Carriers,best-treat-pouch-dog-training,0,0,2026-10-02,
"ZADRŽATI (nov, provjeriti za 2 mj.)",,,Why Does My Dog Groom Himself Excessively?,why-dog-groom-excessively,0,0,2026-10-01,
"ZADRŽATI (nov, provjeriti za 2 mj.)",,,Puppy Hiccups: Normal or a Health Concern?,puppy-hiccups-normal-concern,0,0,2026-09-30,
"ZADRŽATI (nov, provjeriti za 2 mj.)",,,How to Stop Your Dog From Stealing Food: Complete Training Guide,how-to-stop-dog-stealing-food,0,0,2026-09-29,
"ZADRŽATI (nov, provjeriti za 2 mj.)",,,Best Fetch Toy for Dogs That Drop It Immediately,best-fetch-toy-dogs-drop-immediately,0,0,2026-09-27,
"ZADRŽATI (nov, provjeriti za 2 mj.)",,,"Dog Chasing Tail: Play, Boredom, or Medical Issue?",dog-chasing-tail-why-behavior,0,0,2026-09-26,
"ZADRŽATI (nov, provjeriti za 2 mj.)",,,Why Puppy Won’t Eat Kibble: Causes & Solutions,puppy-wont-eat-kibble-solutions,0,0,2026-09-24,
"ZADRŽATI (nov, provjeriti za 2 mj.)",,,Dog Walk Schedule: Complete Time and Distance Guide,dog-walk-schedule-time-distance-guide,0,0,2026-09-22,
"ZADRŽATI (nov, provjeriti za 2 mj.)",,,Why Does My Dog Refuse to Eat? Medical vs. Behavioral,dog-wont-eat-medical-behavioral-causes,0,0,2026-09-21,
"ZADRŽATI (nov, provjeriti za 2 mj.)",,,How to Teach Your Dog to Settle on a Mat: Complete Guide,teach-dog-settle-on-mat-guide,0,0,2026-09-20,
"ZADRŽATI (nov, provjeriti za 2 mj.)",,,Dog Scratching Excessively: Allergies vs. Behavior,dog-scratching-excessively-allergies-vs-behavior,0,0,2026-09-18,
NOINDEX dok se ne preradi,,,Best Hands-Free Dog Leashes for Running & Hiking,best-hands-free-dog-leash-running-hiking,0,0,2026-09-10,
NOINDEX dok se ne preradi,,,Leash Reactive Dog: Why It Happens & How to Train It,leash-reactive-dog-training-guide,0,0,2026-09-09,
NOINDEX dok se ne preradi,,,Best Long Line Leashes for Dogs: Teaching Recall Training,best-long-line-leashes-dogs-recall,0,0,2026-08-31,
NOINDEX dok se ne preradi,,,How to Stop Dog Lunging on Leash: Training Tips,stop-dog-lunging-on-leash,0,0,2026-08-14,
NOINDEX dok se ne preradi,,,How to Stop Your Dog From Begging at the Table During Meals,how-to-stop-dog-begging-at-table,0,0,2026-09-17,
NOINDEX dok se ne preradi,,,Why Does My Dog Pace Back and Forth: Causes & Solutions,why-dog-paces-back-and-forth,0,0,2026-09-16,
NOINDEX dok se ne preradi,,,Post-Exercise Routine for Dogs: Complete Calming Guide,post-exercise-routine-dogs-settle-calm,0,0,2026-09-15,
NOINDEX dok se ne preradi,,,Touch Command for Dogs: A Complete Training Guide,touch-command-dogs-training-guide,0,0,2026-09-11,
NOINDEX dok se ne preradi,,,How Meal Schedule Affects Your Dog’s Potty Routine,meal-schedule-affects-potty-routine,0,0,2026-09-08,
NOINDEX dok se ne preradi,,,"When to Spay or Neuter Your Puppy: Age, Timing & Recovery",when-to-spay-neuter-puppy-guide,0,0,2026-09-07,
NOINDEX dok se ne preradi,,,How to Teach Your Dog to Heel on Left: Complete Guide,teach-dog-heel-on-left,0,0,2026-09-06,
NOINDEX dok se ne preradi,,,Best Sniff Mat for Dogs: Mental Enrichment & Calm,best-sniff-mat-dogs-enrichment,0,0,2026-09-05,
NOINDEX dok se ne preradi,,,Why Does My Dog Shake When Excited? Normal or Nerve Issues?,dog-shaking-when-excited-normal,0,0,2026-09-04,
NOINDEX dok se ne preradi,,,Why Does My Dog Pant Excessively at Night?,dog-panting-at-night-causes,0,0,2026-08-30,
NOINDEX dok se ne preradi,,,Dog Morning Routine: Prevent Separation Anxiety & Stress,dog-morning-routine-prevent-separation-anxiety,0,0,2026-08-29,
NOINDEX dok se ne preradi,,,Why Your Dog Won’t Heel on Walks (And How to Fix It),dog-wont-heel-on-walks-why,0,0,2026-08-27,
NOINDEX dok se ne preradi,,,How to Stop Your Dog From Eating Their Own Poop,how-to-stop-dog-eating-poop,0,0,2026-08-25,
NOINDEX dok se ne preradi,,,Best Dog Poop Bags: Eco-Friendly & Leak-Proof,best-dog-poop-bags-eco-friendly,0,0,2026-08-23,
NOINDEX dok se ne preradi,,,How to Puppy-Proof Your Backyard: Complete Escape Prevention Guide,how-to-puppy-proof-backyard-escape-prevention,0,0,2026-08-21,
NOINDEX dok se ne preradi,,,Best Rope Toys for Dogs: Safe Play and Dental Benefits,best-rope-toys-dogs-safe-play,0,0,2026-08-20,
NOINDEX dok se ne preradi,,,How to Trim Dog Nails at Home Safely & Effectively,how-to-trim-dog-nails-home,0,0,2026-08-20,
NOINDEX dok se ne preradi,,,Puppy Swimming: Complete Guide to Water Safety,puppy-swimming-water-safety-guide,0,0,2026-08-19,
NOINDEX dok se ne preradi,,,Why Does My Dog Yawn Around Me? Body Language Decoded,dog-yawning-meaning-explained,0,0,2026-08-19,
NOINDEX dok se ne preradi,,,Best Dog Clippers for Home Use: Complete Buyer’s Guide,best-dog-clippers-home-grooming-guide,0,0,2026-08-18,
NOINDEX dok se ne preradi,,,How Often Should You Bathe Your Dog? Complete Breed & Skin Guide,how-often-bathe-dog-breed-guide,0,0,2026-08-18,
NOINDEX dok se ne preradi,,,"Reverse Sneezing in Dogs: Causes, Symptoms & Treatment",reverse-sneezing-dogs-guide,0,0,2026-08-17,
NOINDEX dok se ne preradi,,,Why Does My Dog Stare at You: The Complete Guide,why-dog-stares-at-you,0,0,2026-08-16,
NOINDEX dok se ne preradi,,,Teach Drop It Command: Master This Essential Dog Training,teach-dog-drop-it-command-training,0,0,2026-08-15,
NOINDEX dok se ne preradi,,,Best Reflective Dog Collar for Nighttime Safety,best-reflective-dog-collar-nighttime-safety,0,0,2026-08-13,
NOINDEX dok se ne preradi,,,Puppy First Vet Visit: What to Bring & Expect,puppy-first-vet-visit-guide,0,0,2026-08-12,
NOINDEX dok se ne preradi,,,Dog Prey Drive: Breed Differences & Management Guide,dog-prey-drive-breed-differences-management,0,0,2026-08-12,
NOINDEX dok se ne preradi,,,How to Stop Dog Nipping During Play: 7 Proven Techniques,how-stop-dog-nipping-during-play,0,0,2026-08-11,
NOINDEX dok se ne preradi,,,Dog Jumping on Couch: Why It Happens & How to Stop It,dog-jumping-on-couch-how-to-stop,0,0,2026-08-10,
NOINDEX dok se ne preradi,,,Why Does My Dog Lick His Paws Constantly? When to Worry,dog-licking-paws-constantly-when-worry,0,0,2026-08-07,
NOINDEX dok se ne preradi,,,"Puppy Teething Age: Timeline, Signs & Relief Tips",puppy-teething-age-timeline-guide,0,0,2026-08-06,
NOINDEX dok se ne preradi,,,How to Teach Dog Leave It Command: Complete Training Guide,teach-dog-leave-it-command,0,0,2026-08-05,
NOINDEX dok se ne preradi,,,Why Does My Dog Sniff Everything on Walks?,why-dog-sniffing-walks,0,0,2026-08-03,
NOINDEX dok se ne preradi,,,Dog Sleeping Positions: What They Mean About Your Pet,dog-sleeping-positions-meaning,0,0,2026-08-03,
NOINDEX dok se ne preradi,,,Jack Russell Terrier Exercise Routine: Daily Guide,jack-russell-terrier-exercise-routine-daily-guide,0,0,2026-08-02,
NOINDEX dok se ne preradi,,,Jack Russell Terrier Energy Level: Why They Never Get Tired,jack-russell-terrier-energy-level-never-tired,0,0,2026-08-02,
NOINDEX dok se ne preradi,,,Jack Russell Terrier Separation Anxiety: Causes and Fixes,jack-russell-terrier-separation-anxiety-causes-fixes,0,0,2026-08-01,
NOINDEX dok se ne preradi,,,Puppy Vaccination Schedule: What Owners Need to Know,puppy-vaccination-schedule-guide,0,0,2026-07-29,
NOINDEX dok se ne preradi,,,Dog Mental Enrichment: 10 Activities to Keep Your Dog Happy,dog-mental-enrichment-activities-keep-happy,0,0,2026-07-27,
NOINDEX dok se ne preradi,,,How to Create a Dog Feeding Schedule That Works,how-to-create-dog-feeding-schedule,0,0,2026-07-26,
NOINDEX dok se ne preradi,,,Dog Daily Routine: Build Consistency for Health & Behavior,dog-daily-routine-guide,0,0,2026-07-26,
NOINDEX dok se ne preradi,,,How Much Exercise Does Your Dog Really Need?,how-much-exercise-dogs-need,0,0,2026-07-26,
NOINDEX dok se ne preradi,,,How to Stop Dog Jumping: Train Better Greeting Manners,how-to-stop-dog-jumping,0,0,2026-07-24,
NOINDEX dok se ne preradi,,,Why Does My Dog Eat Grass? Is It Normal?,why-does-my-dog-eat-grass,0,0,2026-07-23,
NOINDEX dok se ne preradi,,,Best Harness Jack Russell Terrier: Top Picks & Guide,best-harness-jack-russell-terrier,0,0,2026-07-23,
NOINDEX dok se ne preradi,,,Why Is My Dog Suddenly Aggressive? Causes & Solutions,why-dog-suddenly-aggressive-causes,0,0,2026-07-22,
NOINDEX dok se ne preradi,,,GPS Dog Tracker Review: Are They Worth It?,gps-dog-tracker-review-worth-it,0,0,2026-07-22,
NOINDEX dok se ne preradi,,,Resource Guarding in Dogs: Causes and Safe Fixes,resource-guarding-dog-causes-fixes,0,0,2026-07-21,
NOINDEX dok se ne preradi,,,Understanding Dog Body Language: What Your Dog Is Telling You,understanding-dog-body-language-signals,0,0,2026-07-20,
NOINDEX dok se ne preradi,,,Slow Feeder Dog Bowl: Do They Actually Help?,slow-feeder-dog-bowl-help,0,0,2026-07-19,
NOINDEX dok se ne preradi,,,"Separation Anxiety in Dogs: Signs, Causes & Treatment",separation-anxiety-dogs-signs-help,0,0,2026-07-19,
NOINDEX dok se ne preradi,,,Dog Crate Size Guide: Choose the Perfect Fit,dog-crate-size-guide-choose-right,0,0,2026-07-18,
NOINDEX dok se ne preradi,,,Why Does My Dog Bark at Everything? Dog Barking Triggers Explained,why-dog-barks-everything-triggers,0,0,2026-07-17,
NOINDEX dok se ne preradi,,,Crate Training Dog: Week-by-Week Plan for Success,crate-training-dog-week-by-week,0,0,2026-07-16,
